family,n_qubits,n_t_gates,mean_ofd_rate,std_ofd_rate,mean_chi,mean_nu,mean_S2,mean_runtime,n_samples
"QAOA MaxCut (p=1, 3-regular)",8,20,0.37916666666666665,0.025180507759266776,12.666666666666666,7.583333333333333,1.6023995352444758,1047.3322628835838,24
"QAOA MaxCut (p=1, 3-regular)",12,30,0.3944444444444446,0.012689783127114697,62.0,11.833333333333334,2.930525577295551,2396.0997943977513,24
"QAOA MaxCut (p=1, 3-regular)",16,40,0.3968750000000001,0.00844579905865221,221.33333333333334,15.875,3.970291928540124,4360.989973197381,24
