family,n_qubits,n_t_gates,mean_ofd_rate,std_ofd_rate,mean_chi,mean_nu,mean_S2,mean_runtime,n_samples
Grover Search,4,168,0.010416666666666666,0.0,4.0,4.0,0.7116248685985834,12055.512828737497,8
Grover Search,4,84,0.03125,0.011135885079684348,4.0,4.0,0.6829538247372463,4175.227173268795,8
Grover Search,4,42,0.05729166666666666,0.02156454872944857,4.0,4.0,0.7385761126073225,1839.9720140099525,8
